time,month_2d,rgi_id,hydro_year,hydro_month,calendar_year,calendar_month,calendar_month_2d,melt_on_glacier_monthly
2000.0,1,RGI60-02.18778,2000,4,2000,1,1,3.6481356e-07
2000.0,2,RGI60-02.18778,2000,4,2000,1,2,0.0
2000.0,3,RGI60-02.18778,2000,4,2000,1,3,0.0
2000.0,4,RGI60-02.18778,2000,4,2000,1,4,0.0
2000.0,5,RGI60-02.18778,2000,4,2000,1,5,279726370.0
2000.0,6,RGI60-02.18778,2000,4,2000,1,6,2081420400.0
2000.0,7,RGI60-02.18778,2000,4,2000,1,7,3545466600.0
2000.0,8,RGI60-02.18778,2000,4,2000,1,8,3399065000.0
2000.0,9,RGI60-02.18778,2000,4,2000,1,9,1935033600.0
2000.0,10,RGI60-02.18778,2000,4,2000,1,10,150950960.0
2000.0,11,RGI60-02.18778,2000,4,2000,1,11,1.8240678e-07
2000.0,12,RGI60-02.18778,2000,4,2000,1,12,0.0
2001.0,1,RGI60-02.18778,2001,4,2001,1,1,0.0
2001.0,2,RGI60-02.18778,2001,4,2001,1,2,0.0
2001.0,3,RGI60-02.18778,2001,4,2001,1,3,0.0
2001.0,4,RGI60-02.18778,2001,4,2001,1,4,0.0
2001.0,5,RGI60-02.18778,2001,4,2001,1,5,335551550.0
2001.0,6,RGI60-02.18778,2001,4,2001,1,6,1096548900.0
2001.0,7,RGI60-02.18778,2001,4,2001,1,7,2953289700.0
2001.0,8,RGI60-02.18778,2001,4,2001,1,8,3439556600.0
2001.0,9,RGI60-02.18778,2001,4,2001,1,9,2113321000.0
2001.0,10,RGI60-02.18778,2001,4,2001,1,10,25131490.0
2001.0,11,RGI60-02.18778,2001,4,2001,1,11,0.0
2001.0,12,RGI60-02.18778,2001,4,2001,1,12,0.0
2002.0,1,RGI60-02.18778,2002,4,2002,1,1,0.0
2002.0,2,RGI60-02.18778,2002,4,2002,1,2,0.0
2002.0,3,RGI60-02.18778,2002,4,2002,1,3,0.0
2002.0,4,RGI60-02.18778,2002,4,2002,1,4,0.0
2002.0,5,RGI60-02.18778,2002,4,2002,1,5,63853760.0
2002.0,6,RGI60-02.18778,2002,4,2002,1,6,1980723200.0
2002.0,7,RGI60-02.18778,2002,4,2002,1,7,3483699200.0
2002.0,8,RGI60-02.18778,2002,4,2002,1,8,3130059300.0
2002.0,9,RGI60-02.18778,2002,4,2002,1,9,1803889800.0
2002.0,10,RGI60-02.18778,2002,4,2002,1,10,2.0653154e-08
2002.0,11,RGI60-02.18778,2002,4,2002,1,11,0.0
2002.0,12,RGI60-02.18778,2002,4,2002,1,12,0.0
2003.0,1,RGI60-02.18778,2003,4,2003,1,1,0.0
2003.0,2,RGI60-02.18778,2003,4,2003,1,2,0.0
2003.0,3,RGI60-02.18778,2003,4,2003,1,3,0.0
2003.0,4,RGI60-02.18778,2003,4,2003,1,4,0.0
2003.0,5,RGI60-02.18778,2003,4,2003,1,5,204628560.0
2003.0,6,RGI60-02.18778,2003,4,2003,1,6,2334081800.0
2003.0,7,RGI60-02.18778,2003,4,2003,1,7,3925127700.0
2003.0,8,RGI60-02.18778,2003,4,2003,1,8,3615731200.0
2003.0,9,RGI60-02.18778,2003,4,2003,1,9,2378279400.0
2003.0,10,RGI60-02.18778,2003,4,2003,1,10,576770240.0
2003.0,11,RGI60-02.18778,2003,4,2003,1,11,3.3037003e-07
2003.0,12,RGI60-02.18778,2003,4,2003,1,12,0.0
2004.0,1,RGI60-02.18778,2004,4,2004,1,1,0.0
2004.0,2,RGI60-02.18778,2004,4,2004,1,2,0.0
2004.0,3,RGI60-02.18778,2004,4,2004,1,3,0.0
2004.0,4,RGI60-02.18778,2004,4,2004,1,4,34121256.0
2004.0,5,RGI60-02.18778,2004,4,2004,1,5,501027200.0
2004.0,6,RGI60-02.18778,2004,4,2004,1,6,2331979500.0
2004.0,7,RGI60-02.18778,2004,4,2004,1,7,4009344000.0
2004.0,8,RGI60-02.18778,2004,4,2004,1,8,3921069600.0
2004.0,9,RGI60-02.18778,2004,4,2004,1,9,1625742800.0
2004.0,10,RGI60-02.18778,2004,4,2004,1,10,228463340.0
2004.0,11,RGI60-02.18778,2004,4,2004,1,11,0.0
2004.0,12,RGI60-02.18778,2004,4,2004,1,12,0.0
2005.0,1,RGI60-02.18778,2005,4,2005,1,1,0.0
2005.0,2,RGI60-02.18778,2005,4,2005,1,2,0.0
2005.0,3,RGI60-02.18778,2005,4,2005,1,3,0.0
2005.0,4,RGI60-02.18778,2005,4,2005,1,4,0.0
2005.0,5,RGI60-02.18778,2005,4,2005,1,5,1009175000.0
2005.0,6,RGI60-02.18778,2005,4,2005,1,6,1581253500.0
2005.0,7,RGI60-02.18778,2005,4,2005,1,7,3385422600.0
2005.0,8,RGI60-02.18778,2005,4,2005,1,8,3649438200.0
2005.0,9,RGI60-02.18778,2005,4,2005,1,9,1537219600.0
2005.0,10,RGI60-02.18778,2005,4,2005,1,10,281474240.0
2005.0,11,RGI60-02.18778,2005,4,2005,1,11,0.0
2005.0,12,RGI60-02.18778,2005,4,2005,1,12,0.0
2006.0,1,RGI60-02.18778,2006,4,2006,1,1,0.0
2006.0,2,RGI60-02.18778,2006,4,2006,1,2,1.6413414e-07
2006.0,3,RGI60-02.18778,2006,4,2006,1,3,0.0
2006.0,4,RGI60-02.18778,2006,4,2006,1,4,0.0
2006.0,5,RGI60-02.18778,2006,4,2006,1,5,469480400.0
2006.0,6,RGI60-02.18778,2006,4,2006,1,6,2283793200.0
2006.0,7,RGI60-02.18778,2006,4,2006,1,7,3908579800.0
2006.0,8,RGI60-02.18778,2006,4,2006,1,8,3293803800.0
2006.0,9,RGI60-02.18778,2006,4,2006,1,9,2152044000.0
2006.0,10,RGI60-02.18778,2006,4,2006,1,10,89748240.0
2006.0,11,RGI60-02.18778,2006,4,2006,1,11,0.0
2006.0,12,RGI60-02.18778,2006,4,2006,1,12,0.0
2007.0,1,RGI60-02.18778,2007,4,2007,1,1,0.0
2007.0,2,RGI60-02.18778,2007,4,2007,1,2,0.0
2007.0,3,RGI60-02.18778,2007,4,2007,1,3,0.0
2007.0,4,RGI60-02.18778,2007,4,2007,1,4,0.0
2007.0,5,RGI60-02.18778,2007,4,2007,1,5,434581630.0
2007.0,6,RGI60-02.18778,2007,4,2007,1,6,1625041300.0
2007.0,7,RGI60-02.18778,2007,4,2007,1,7,3998202600.0
2007.0,8,RGI60-02.18778,2007,4,2007,1,8,3251116800.0
2007.0,9,RGI60-02.18778,2007,4,2007,1,9,1625068200.0
2007.0,10,RGI60-02.18778,2007,4,2007,1,10,36432240.0
2007.0,11,RGI60-02.18778,2007,4,2007,1,11,0.0
2007.0,12,RGI60-02.18778,2007,4,2007,1,12,0.0
2008.0,1,RGI60-02.18778,2008,4,2008,1,1,0.0
2008.0,2,RGI60-02.18778,2008,4,2008,1,2,0.0
2008.0,3,RGI60-02.18778,2008,4,2008,1,3,0.0
2008.0,4,RGI60-02.18778,2008,4,2008,1,4,8.215161e-08
2008.0,5,RGI60-02.18778,2008,4,2008,1,5,541304900.0
2008.0,6,RGI60-02.18778,2008,4,2008,1,6,1361074000.0
2008.0,7,RGI60-02.18778,2008,4,2008,1,7,3207342800.0
2008.0,8,RGI60-02.18778,2008,4,2008,1,8,3427137500.0
2008.0,9,RGI60-02.18778,2008,4,2008,1,9,1932521900.0
2008.0,10,RGI60-02.18778,2008,4,2008,1,10,66588836.0
2008.0,11,RGI60-02.18778,2008,4,2008,1,11,0.0
2008.0,12,RGI60-02.18778,2008,4,2008,1,12,0.0
2009.0,1,RGI60-02.18778,2009,4,2009,1,1,3.2823212e-07
2009.0,2,RGI60-02.18778,2009,4,2009,1,2,0.0
2009.0,3,RGI60-02.18778,2009,4,2009,1,3,0.0
2009.0,4,RGI60-02.18778,2009,4,2009,1,4,0.0
2009.0,5,RGI60-02.18778,2009,4,2009,1,5,339800740.0
2009.0,6,RGI60-02.18778,2009,4,2009,1,6,2370755300.0
2009.0,7,RGI60-02.18778,2009,4,2009,1,7,4083199500.0
2009.0,8,RGI60-02.18778,2009,4,2009,1,8,3512402700.0
2009.0,9,RGI60-02.18778,2009,4,2009,1,9,2370755300.0
2009.0,10,RGI60-02.18778,2009,4,2009,1,10,28274552.0
2009.0,11,RGI60-02.18778,2009,4,2009,1,11,0.0
2009.0,12,RGI60-02.18778,2009,4,2009,1,12,0.0
2010.0,1,RGI60-02.18778,2010,4,2010,1,1,0.0
2010.0,2,RGI60-02.18778,2010,4,2010,1,2,0.0
2010.0,3,RGI60-02.18778,2010,4,2010,1,3,1.6383561e-07
2010.0,4,RGI60-02.18778,2010,4,2010,1,4,0.0
2010.0,5,RGI60-02.18778,2010,4,2010,1,5,90835430.0
2010.0,6,RGI60-02.18778,2010,4,2010,1,6,1404808100.0
2010.0,7,RGI60-02.18778,2010,4,2010,1,7,3289672000.0
2010.0,8,RGI60-02.18778,2010,4,2010,1,8,3289672000.0
2010.0,9,RGI60-02.18778,2010,4,2010,1,9,1930793000.0
2010.0,10,RGI60-02.18778,2010,4,2010,1,10,233186050.0
2010.0,11,RGI60-02.18778,2010,4,2010,1,11,0.0
2010.0,12,RGI60-02.18778,2010,4,2010,1,12,0.0
2011.0,1,RGI60-02.18778,2011,4,2011,1,1,3.27407e-07
2011.0,2,RGI60-02.18778,2011,4,2011,1,2,0.0
2011.0,3,RGI60-02.18778,2011,4,2011,1,3,0.0
2011.0,4,RGI60-02.18778,2011,4,2011,1,4,0.0
2011.0,5,RGI60-02.18778,2011,4,2011,1,5,47519336.0
2011.0,6,RGI60-02.18778,2011,4,2011,1,6,1448402200.0
2011.0,7,RGI60-02.18778,2011,4,2011,1,7,2806172200.0
2011.0,8,RGI60-02.18778,2011,4,2011,1,8,3463163400.0
2011.0,9,RGI60-02.18778,2011,4,2011,1,9,2543378400.0
2011.0,10,RGI60-02.18778,2011,4,2011,1,10,117259090.0
2011.0,11,RGI60-02.18778,2011,4,2011,1,11,0.0
2011.0,12,RGI60-02.18778,2011,4,2011,1,12,0.0
2012.0,1,RGI60-02.18778,2012,4,2012,1,1,0.0
2012.0,2,RGI60-02.18778,2012,4,2012,1,2,0.0
2012.0,3,RGI60-02.18778,2012,4,2012,1,3,0.0
2012.0,4,RGI60-02.18778,2012,4,2012,1,4,0.0
2012.0,5,RGI60-02.18778,2012,4,2012,1,5,187536850.0
2012.0,6,RGI60-02.18778,2012,4,2012,1,6,1141333000.0
2012.0,7,RGI60-02.18778,2012,4,2012,1,7,3245537000.0
2012.0,8,RGI60-02.18778,2012,4,2012,1,8,3727770600.0
2012.0,9,RGI60-02.18778,2012,4,2012,1,9,2149587700.0
2012.0,10,RGI60-02.18778,2012,4,2012,1,10,131814330.0
2012.0,11,RGI60-02.18778,2012,4,2012,1,11,0.0
2012.0,12,RGI60-02.18778,2012,4,2012,1,12,0.0
2013.0,1,RGI60-02.18778,2013,4,2013,1,1,0.0
2013.0,2,RGI60-02.18778,2013,4,2013,1,2,0.0
2013.0,3,RGI60-02.18778,2013,4,2013,1,3,1.6402186e-07
2013.0,4,RGI60-02.18778,2013,4,2013,1,4,0.0
2013.0,5,RGI60-02.18778,2013,4,2013,1,5,745915400.0
2013.0,6,RGI60-02.18778,2013,4,2013,1,6,2193577200.0
2013.0,7,RGI60-02.18778,2013,4,2013,1,7,3861152000.0
2013.0,8,RGI60-02.18778,2013,4,2013,1,8,3861152000.0
2013.0,9,RGI60-02.18778,2013,4,2013,1,9,2456882000.0
2013.0,10,RGI60-02.18778,2013,4,2013,1,10,21141448.0
2013.0,11,RGI60-02.18778,2013,4,2013,1,11,0.0
2013.0,12,RGI60-02.18778,2013,4,2013,1,12,3.280437e-07
2014.0,1,RGI60-02.18778,2014,4,2014,1,1,0.0
2014.0,2,RGI60-02.18778,2014,4,2014,1,2,1.6351648e-07
2014.0,3,RGI60-02.18778,2014,4,2014,1,3,0.0
2014.0,4,RGI60-02.18778,2014,4,2014,1,4,0.0
2014.0,5,RGI60-02.18778,2014,4,2014,1,5,922080900.0
2014.0,6,RGI60-02.18778,2014,4,2014,1,6,1840815000.0
2014.0,7,RGI60-02.18778,2014,4,2014,1,7,4159479000.0
2014.0,8,RGI60-02.18778,2014,4,2014,1,8,3984461000.0
2014.0,9,RGI60-02.18778,2014,4,2014,1,9,2584517600.0
2014.0,10,RGI60-02.18778,2014,4,2014,1,10,1097072100.0
2014.0,11,RGI60-02.18778,2014,4,2014,1,11,3.2703295e-07
2014.0,12,RGI60-02.18778,2014,4,2014,1,12,0.0
2015.0,1,RGI60-02.18778,2015,4,2015,1,1,0.0
2015.0,2,RGI60-02.18778,2015,4,2015,1,2,0.0
2015.0,3,RGI60-02.18778,2015,4,2015,1,3,0.0
2015.0,4,RGI60-02.18778,2015,4,2015,1,4,0.0
2015.0,5,RGI60-02.18778,2015,4,2015,1,5,1097248100.0
2015.0,6,RGI60-02.18778,2015,4,2015,1,6,2971515400.0
2015.0,7,RGI60-02.18778,2015,4,2015,1,7,4322783000.0
2015.0,8,RGI60-02.18778,2015,4,2015,1,8,3930477600.0
2015.0,9,RGI60-02.18778,2015,4,2015,1,9,1751086700.0
2015.0,10,RGI60-02.18778,2015,4,2015,1,10,1053683650.0
2015.0,11,RGI60-02.18778,2015,4,2015,1,11,0.0
2015.0,12,RGI60-02.18778,2015,4,2015,1,12,0.0
2016.0,1,RGI60-02.18778,2016,4,2016,1,1,0.0
2016.0,2,RGI60-02.18778,2016,4,2016,1,2,0.0
2016.0,3,RGI60-02.18778,2016,4,2016,1,3,0.0
2016.0,4,RGI60-02.18778,2016,4,2016,1,4,193205360.0
2016.0,5,RGI60-02.18778,2016,4,2016,1,5,1055356860.0
2016.0,6,RGI60-02.18778,2016,4,2016,1,6,2227748900.0
2016.0,7,RGI60-02.18778,2016,4,2016,1,7,3356729900.0
2016.0,8,RGI60-02.18778,2016,4,2016,1,8,3790934000.0
2016.0,9,RGI60-02.18778,2016,4,2016,1,9,1793531600.0
2016.0,10,RGI60-02.18778,2016,4,2016,1,10,289982660.0
2016.0,11,RGI60-02.18778,2016,4,2016,1,11,0.0
2016.0,12,RGI60-02.18778,2016,4,2016,1,12,3.2459045e-07
2017.0,1,RGI60-02.18778,2017,4,2017,1,1,0.0
2017.0,2,RGI60-02.18778,2017,4,2017,1,2,0.0
2017.0,3,RGI60-02.18778,2017,4,2017,1,3,0.0
2017.0,4,RGI60-02.18778,2017,4,2017,1,4,1.6203155e-07
2017.0,5,RGI60-02.18778,2017,4,2017,1,5,627267140.0
2017.0,6,RGI60-02.18778,2017,4,2017,1,6,2095803100.0
2017.0,7,RGI60-02.18778,2017,4,2017,1,7,3743156500.0
2017.0,8,RGI60-02.18778,2017,4,2017,1,8,4176655000.0
2017.0,9,RGI60-02.18778,2017,4,2017,1,9,2442620700.0
2017.0,10,RGI60-02.18778,2017,4,2017,1,10,62672948.0
2017.0,11,RGI60-02.18778,2017,4,2017,1,11,3.240631e-07
2017.0,12,RGI60-02.18778,2017,4,2017,1,12,0.0
2018.0,1,RGI60-02.18778,2018,4,2018,1,1,0.0
2018.0,2,RGI60-02.18778,2018,4,2018,1,2,0.0
2018.0,3,RGI60-02.18778,2018,4,2018,1,3,0.0
2018.0,4,RGI60-02.18778,2018,4,2018,1,4,1.617546e-07
2018.0,5,RGI60-02.18778,2018,4,2018,1,5,1401722200.0
2018.0,6,RGI60-02.18778,2018,4,2018,1,6,1834493200.0
2018.0,7,RGI60-02.18778,2018,4,2018,1,7,3911762000.0
2018.0,8,RGI60-02.18778,2018,4,2018,1,8,3608817000.0
2018.0,9,RGI60-02.18778,2018,4,2018,1,9,1618094600.0
2018.0,10,RGI60-02.18778,2018,4,2018,1,10,123168904.0
2018.0,11,RGI60-02.18778,2018,4,2018,1,11,0.0
2018.0,12,RGI60-02.18778,2018,4,2018,1,12,0.0
2019.0,1,RGI60-02.18778,2019,4,2019,1,1,0.0
2019.0,2,RGI60-02.18778,2019,4,2019,1,2,0.0
2019.0,3,RGI60-02.18778,2019,4,2019,1,3,0.0
2019.0,4,RGI60-02.18778,2019,4,2019,1,4,0.0
2019.0,5,RGI60-02.18778,2019,4,2019,1,5,1098357000.0
2019.0,6,RGI60-02.18778,2019,4,2019,1,6,2048686300.0
2019.0,7,RGI60-02.18778,2019,4,2019,1,7,3258201000.0
2019.0,8,RGI60-02.18778,2019,4,2019,1,8,3819785000.0
2019.0,9,RGI60-02.18778,2019,4,2019,1,9,1832713700.0
2019.0,10,RGI60-02.18778,2019,4,2019,1,10,0.0
2019.0,11,RGI60-02.18778,2019,4,2019,1,11,0.0
2019.0,12,RGI60-02.18778,2019,4,2019,1,12,3.2291157e-07
2020.0,1,RGI60-02.18778,2020,4,2020,1,1,3.2198898e-07
2020.0,2,RGI60-02.18778,2020,4,2020,1,2,0.0
2020.0,3,RGI60-02.18778,2020,4,2020,1,3,0.0
2020.0,4,RGI60-02.18778,2020,4,2020,1,4,14798.337
2020.0,5,RGI60-02.18778,2020,4,2020,1,5,390296700.0
2020.0,6,RGI60-02.18778,2020,4,2020,1,6,2075625000.0
2020.0,7,RGI60-02.18778,2020,4,2020,1,7,4006581000.0
2020.0,8,RGI60-02.18778,2020,4,2020,1,8,3635262200.0
2020.0,9,RGI60-02.18778,2020,4,2020,1,9,2424327000.0
2020.0,10,RGI60-02.18778,2020,4,2020,1,10,656755000.0
2020.0,11,RGI60-02.18778,2020,4,2020,1,11,0.0
2020.0,12,RGI60-02.18778,2020,4,2020,1,12,0.0
2021.0,1,RGI60-02.18778,2021,4,2021,1,1,0.0
2021.0,2,RGI60-02.18778,2021,4,2021,1,2,0.0
2021.0,3,RGI60-02.18778,2021,4,2021,1,3,0.0
2021.0,4,RGI60-02.18778,2021,4,2021,1,4,479996220.0
2021.0,5,RGI60-02.18778,2021,4,2021,1,5,680253800.0
2021.0,6,RGI60-02.18778,2021,4,2021,1,6,1820678900.0
2021.0,7,RGI60-02.18778,2021,4,2021,1,7,4442051600.0
2021.0,8,RGI60-02.18778,2021,4,2021,1,8,3851120400.0
2021.0,9,RGI60-02.18778,2021,4,2021,1,9,2293051000.0
2021.0,10,RGI60-02.18778,2021,4,2021,1,10,681530430.0
2021.0,11,RGI60-02.18778,2021,4,2021,1,11,0.0
2021.0,12,RGI60-02.18778,2021,4,2021,1,12,0.0
2022.0,1,RGI60-02.18778,2022,4,2022,1,1,1.5979232e-07
2022.0,2,RGI60-02.18778,2022,4,2022,1,2,7.989616e-08
2022.0,3,RGI60-02.18778,2022,4,2022,1,3,0.0
2022.0,4,RGI60-02.18778,2022,4,2022,1,4,0.0
2022.0,5,RGI60-02.18778,2022,4,2022,1,5,802697600.0
2022.0,6,RGI60-02.18778,2022,4,2022,1,6,2473189600.0
2022.0,7,RGI60-02.18778,2022,4,2022,1,7,4411734000.0
2022.0,8,RGI60-02.18778,2022,4,2022,1,8,3521980000.0
2022.0,9,RGI60-02.18778,2022,4,2022,1,9,2572519400.0
2022.0,10,RGI60-02.18778,2022,4,2022,1,10,207487600.0
2022.0,11,RGI60-02.18778,2022,4,2022,1,11,0.0
2022.0,12,RGI60-02.18778,2022,4,2022,1,12,0.0
2023.0,1,RGI60-02.18778,2023,4,2023,1,1,1.5927547e-07
2023.0,2,RGI60-02.18778,2023,4,2023,1,2,0.0
2023.0,3,RGI60-02.18778,2023,4,2023,1,3,0.0
2023.0,4,RGI60-02.18778,2023,4,2023,1,4,9007888.0
2023.0,5,RGI60-02.18778,2023,4,2023,1,5,473832300.0
2023.0,6,RGI60-02.18778,2023,4,2023,1,6,3038734600.0
2023.0,7,RGI60-02.18778,2023,4,2023,1,7,3565129700.0
2023.0,8,RGI60-02.18778,2023,4,2023,1,8,3754437000.0
2023.0,9,RGI60-02.18778,2023,4,2023,1,9,2141028600.0
2023.0,10,RGI60-02.18778,2023,4,2023,1,10,159271020.0
2023.0,11,RGI60-02.18778,2023,4,2023,1,11,0.0
2023.0,12,RGI60-02.18778,2023,4,2023,1,12,0.0
2024.0,1,RGI60-02.18778,2024,4,2024,1,1,0.0
2024.0,2,RGI60-02.18778,2024,4,2024,1,2,7.919183e-08
2024.0,3,RGI60-02.18778,2024,4,2024,1,3,0.0
2024.0,4,RGI60-02.18778,2024,4,2024,1,4,52109924.0
2024.0,5,RGI60-02.18778,2024,4,2024,1,5,949754560.0
2024.0,6,RGI60-02.18778,2024,4,2024,1,6,2532878800.0
2024.0,7,RGI60-02.18778,2024,4,2024,1,7,3378430200.0
2024.0,8,RGI60-02.18778,2024,4,2024,1,8,3468911400.0
2024.0,9,RGI60-02.18778,2024,4,2024,1,9,2967793000.0
2024.0,10,RGI60-02.18778,2024,4,2024,1,10,260239550.0
2024.0,11,RGI60-02.18778,2024,4,2024,1,11,3.167673e-07
2024.0,12,RGI60-02.18778,2024,4,2024,1,12,0.0
2025.0,1,RGI60-02.18778,2025,4,2025,1,1,0.0
2025.0,2,RGI60-02.18778,2025,4,2025,1,2,0.0
2025.0,3,RGI60-02.18778,2025,4,2025,1,3,0.0
2025.0,4,RGI60-02.18778,2025,4,2025,1,4,45593.9
2025.0,5,RGI60-02.18778,2025,4,2025,1,5,157852480.0
2025.0,6,RGI60-02.18778,2025,4,2025,1,6,2668222500.0
2025.0,7,RGI60-02.18778,2025,4,2025,1,7,3653486800.0
2025.0,8,RGI60-02.18778,2025,4,2025,1,8,3933408000.0
2025.0,9,RGI60-02.18778,2025,4,2025,1,9,2639382500.0
2025.0,10,RGI60-02.18778,2025,4,2025,1,10,91537016.0
2025.0,11,RGI60-02.18778,2025,4,2025,1,11,3.1540986e-07
2025.0,12,RGI60-02.18778,2025,4,2025,1,12,3.1540986e-07
2026.0,1,RGI60-02.18778,2026,4,2026,1,1,0.0
2026.0,2,RGI60-02.18778,2026,4,2026,1,2,1.5719283e-07
2026.0,3,RGI60-02.18778,2026,4,2026,1,3,0.0
2026.0,4,RGI60-02.18778,2026,4,2026,1,4,0.0
2026.0,5,RGI60-02.18778,2026,4,2026,1,5,591092160.0
2026.0,6,RGI60-02.18778,2026,4,2026,1,6,2885240000.0
2026.0,7,RGI60-02.18778,2026,4,2026,1,7,3915553500.0
2026.0,8,RGI60-02.18778,2026,4,2026,1,8,3606191000.0
2026.0,9,RGI60-02.18778,2026,4,2026,1,9,2607557000.0
2026.0,10,RGI60-02.18778,2026,4,2026,1,10,208642720.0
2026.0,11,RGI60-02.18778,2026,4,2026,1,11,0.0
2026.0,12,RGI60-02.18778,2026,4,2026,1,12,0.0
2027.0,1,RGI60-02.18778,2027,4,2027,1,1,0.0
2027.0,2,RGI60-02.18778,2027,4,2027,1,2,0.0
2027.0,3,RGI60-02.18778,2027,4,2027,1,3,0.0
2027.0,4,RGI60-02.18778,2027,4,2027,1,4,36129700.0
2027.0,5,RGI60-02.18778,2027,4,2027,1,5,1547537800.0
2027.0,6,RGI60-02.18778,2027,4,2027,1,6,3247733500.0
2027.0,7,RGI60-02.18778,2027,4,2027,1,7,4381649000.0
2027.0,8,RGI60-02.18778,2027,4,2027,1,8,4350907400.0
2027.0,9,RGI60-02.18778,2027,4,2027,1,9,2194207500.0
2027.0,10,RGI60-02.18778,2027,4,2027,1,10,193923330.0
2027.0,11,RGI60-02.18778,2027,4,2027,1,11,2463191.8
2027.0,12,RGI60-02.18778,2027,4,2027,1,12,0.0
2028.0,1,RGI60-02.18778,2028,4,2028,1,1,0.0
2028.0,2,RGI60-02.18778,2028,4,2028,1,2,0.0
2028.0,3,RGI60-02.18778,2028,4,2028,1,3,0.0
2028.0,4,RGI60-02.18778,2028,4,2028,1,4,22327978.0
2028.0,5,RGI60-02.18778,2028,4,2028,1,5,976786240.0
2028.0,6,RGI60-02.18778,2028,4,2028,1,6,2302183700.0
2028.0,7,RGI60-02.18778,2028,4,2028,1,7,3918826800.0
2028.0,8,RGI60-02.18778,2028,4,2028,1,8,4001376300.0
2028.0,9,RGI60-02.18778,2028,4,2028,1,9,3334350000.0
2028.0,10,RGI60-02.18778,2028,4,2028,1,10,810922560.0
2028.0,11,RGI60-02.18778,2028,4,2028,1,11,0.0
2028.0,12,RGI60-02.18778,2028,4,2028,1,12,0.0
2029.0,1,RGI60-02.18778,2029,4,2029,1,1,0.0
2029.0,2,RGI60-02.18778,2029,4,2029,1,2,0.0
2029.0,3,RGI60-02.18778,2029,4,2029,1,3,0.0
2029.0,4,RGI60-02.18778,2029,4,2029,1,4,0.0
2029.0,5,RGI60-02.18778,2029,4,2029,1,5,632519400.0
2029.0,6,RGI60-02.18778,2029,4,2029,1,6,2038832400.0
2029.0,7,RGI60-02.18778,2029,4,2029,1,7,3880675600.0
2029.0,8,RGI60-02.18778,2029,4,2029,1,8,3931826200.0
2029.0,9,RGI60-02.18778,2029,4,2029,1,9,2402026500.0
2029.0,10,RGI60-02.18778,2029,4,2029,1,10,201672270.0
2029.0,11,RGI60-02.18778,2029,4,2029,1,11,0.0
2029.0,12,RGI60-02.18778,2029,4,2029,1,12,0.0
2030.0,1,RGI60-02.18778,2030,4,2030,1,1,0.0
2030.0,2,RGI60-02.18778,2030,4,2030,1,2,0.0
2030.0,3,RGI60-02.18778,2030,4,2030,1,3,0.0
2030.0,4,RGI60-02.18778,2030,4,2030,1,4,8006301.5
2030.0,5,RGI60-02.18778,2030,4,2030,1,5,224422340.0
2030.0,6,RGI60-02.18778,2030,4,2030,1,6,2589457700.0
2030.0,7,RGI60-02.18778,2030,4,2030,1,7,4204118000.0
2030.0,8,RGI60-02.18778,2030,4,2030,1,8,4282228500.0
2030.0,9,RGI60-02.18778,2030,4,2030,1,9,3451994600.0
2030.0,10,RGI60-02.18778,2030,4,2030,1,10,1396147200.0
2030.0,11,RGI60-02.18778,2030,4,2030,1,11,0.0
2030.0,12,RGI60-02.18778,2030,4,2030,1,12,0.0
2031.0,1,RGI60-02.18778,2031,4,2031,1,1,0.0
2031.0,2,RGI60-02.18778,2031,4,2031,1,2,0.0
2031.0,3,RGI60-02.18778,2031,4,2031,1,3,0.0
2031.0,4,RGI60-02.18778,2031,4,2031,1,4,77531060.0
2031.0,5,RGI60-02.18778,2031,4,2031,1,5,1190795600.0
2031.0,6,RGI60-02.18778,2031,4,2031,1,6,2032557600.0
2031.0,7,RGI60-02.18778,2031,4,2031,1,7,3544902000.0
2031.0,8,RGI60-02.18778,2031,4,2031,1,8,3587990000.0
2031.0,9,RGI60-02.18778,2031,4,2031,1,9,2316723000.0
2031.0,10,RGI60-02.18778,2031,4,2031,1,10,83335420.0
2031.0,11,RGI60-02.18778,2031,4,2031,1,11,0.0
2031.0,12,RGI60-02.18778,2031,4,2031,1,12,0.0
2032.0,1,RGI60-02.18778,2032,4,2032,1,1,0.0
2032.0,2,RGI60-02.18778,2032,4,2032,1,2,0.0
2032.0,3,RGI60-02.18778,2032,4,2032,1,3,0.0
2032.0,4,RGI60-02.18778,2032,4,2032,1,4,8617612.0
2032.0,5,RGI60-02.18778,2032,4,2032,1,5,596179260.0
2032.0,6,RGI60-02.18778,2032,4,2032,1,6,2419033300.0
2032.0,7,RGI60-02.18778,2032,4,2032,1,7,3870490000.0
2032.0,8,RGI60-02.18778,2032,4,2032,1,8,3454956800.0
2032.0,9,RGI60-02.18778,2032,4,2032,1,9,2807473400.0
2032.0,10,RGI60-02.18778,2032,4,2032,1,10,467213060.0
2032.0,11,RGI60-02.18778,2032,4,2032,1,11,0.0
2032.0,12,RGI60-02.18778,2032,4,2032,1,12,0.0
2033.0,1,RGI60-02.18778,2033,4,2033,1,1,0.0
2033.0,2,RGI60-02.18778,2033,4,2033,1,2,0.0
2033.0,3,RGI60-02.18778,2033,4,2033,1,3,0.0
2033.0,4,RGI60-02.18778,2033,4,2033,1,4,131105980.0
2033.0,5,RGI60-02.18778,2033,4,2033,1,5,1137302900.0
2033.0,6,RGI60-02.18778,2033,4,2033,1,6,3017502200.0
2033.0,7,RGI60-02.18778,2033,4,2033,1,7,3902688500.0
2033.0,8,RGI60-02.18778,2033,4,2033,1,8,4398634000.0
2033.0,9,RGI60-02.18778,2033,4,2033,1,9,2656956000.0
2033.0,10,RGI60-02.18778,2033,4,2033,1,10,382878900.0
2033.0,11,RGI60-02.18778,2033,4,2033,1,11,0.0
2033.0,12,RGI60-02.18778,2033,4,2033,1,12,0.0
2034.0,1,RGI60-02.18778,2034,4,2034,1,1,2.6282171e-07
2034.0,2,RGI60-02.18778,2034,4,2034,1,2,0.0
2034.0,3,RGI60-02.18778,2034,4,2034,1,3,0.0
2034.0,4,RGI60-02.18778,2034,4,2034,1,4,51494004.0
2034.0,5,RGI60-02.18778,2034,4,2034,1,5,1430180500.0
2034.0,6,RGI60-02.18778,2034,4,2034,1,6,1914349800.0
2034.0,7,RGI60-02.18778,2034,4,2034,1,7,2794921700.0
2034.0,8,RGI60-02.18778,2034,4,2034,1,8,3223153700.0
2034.0,9,RGI60-02.18778,2034,4,2034,1,9,2076955300.0
2034.0,10,RGI60-02.18778,2034,4,2034,1,10,77274400.0
2034.0,11,RGI60-02.18778,2034,4,2034,1,11,0.0
2034.0,12,RGI60-02.18778,2034,4,2034,1,12,2.6282171e-07
2035.0,1,RGI60-02.18778,2035,4,2035,1,1,0.0
2035.0,2,RGI60-02.18778,2035,4,2035,1,2,0.0
2035.0,3,RGI60-02.18778,2035,4,2035,1,3,0.0
2035.0,4,RGI60-02.18778,2035,4,2035,1,4,58682064.0
2035.0,5,RGI60-02.18778,2035,4,2035,1,5,1660026400.0
2035.0,6,RGI60-02.18778,2035,4,2035,1,6,2977063400.0
2035.0,7,RGI60-02.18778,2035,4,2035,1,7,3654817300.0
2035.0,8,RGI60-02.18778,2035,4,2035,1,8,3448612600.0
2035.0,9,RGI60-02.18778,2035,4,2035,1,9,2432257500.0
2035.0,10,RGI60-02.18778,2035,4,2035,1,10,352678620.0
2035.0,11,RGI60-02.18778,2035,4,2035,1,11,0.0
2035.0,12,RGI60-02.18778,2035,4,2035,1,12,0.0
2036.0,1,RGI60-02.18778,2036,4,2036,1,1,0.0
2036.0,2,RGI60-02.18778,2036,4,2036,1,2,6.1365206e-08
2036.0,3,RGI60-02.18778,2036,4,2036,1,3,0.0
2036.0,4,RGI60-02.18778,2036,4,2036,1,4,141780690.0
2036.0,5,RGI60-02.18778,2036,4,2036,1,5,567025000.0
2036.0,6,RGI60-02.18778,2036,4,2036,1,6,2818258000.0
2036.0,7,RGI60-02.18778,2036,4,2036,1,7,3202721500.0
2036.0,8,RGI60-02.18778,2036,4,2036,1,8,3278303200.0
2036.0,9,RGI60-02.18778,2036,4,2036,1,9,2263379000.0
2036.0,10,RGI60-02.18778,2036,4,2036,1,10,533976200.0
2036.0,11,RGI60-02.18778,2036,4,2036,1,11,2.4546082e-07
2036.0,12,RGI60-02.18778,2036,4,2036,1,12,0.0
2037.0,1,RGI60-02.18778,2037,4,2037,1,1,0.0
2037.0,2,RGI60-02.18778,2037,4,2037,1,2,0.0
2037.0,3,RGI60-02.18778,2037,4,2037,1,3,0.0
2037.0,4,RGI60-02.18778,2037,4,2037,1,4,39944550.0
2037.0,5,RGI60-02.18778,2037,4,2037,1,5,916287040.0
2037.0,6,RGI60-02.18778,2037,4,2037,1,6,2153172000.0
2037.0,7,RGI60-02.18778,2037,4,2037,1,7,4023113000.0
2037.0,8,RGI60-02.18778,2037,4,2037,1,8,3405244400.0
2037.0,9,RGI60-02.18778,2037,4,2037,1,9,1744007800.0
2037.0,10,RGI60-02.18778,2037,4,2037,1,10,925009150.0
2037.0,11,RGI60-02.18778,2037,4,2037,1,11,0.0
2037.0,12,RGI60-02.18778,2037,4,2037,1,12,0.0
2038.0,1,RGI60-02.18778,2038,4,2038,1,1,0.0
2038.0,2,RGI60-02.18778,2038,4,2038,1,2,12351720.0
2038.0,3,RGI60-02.18778,2038,4,2038,1,3,2190248.8
2038.0,4,RGI60-02.18778,2038,4,2038,1,4,42449390.0
2038.0,5,RGI60-02.18778,2038,4,2038,1,5,1050782800.0
2038.0,6,RGI60-02.18778,2038,4,2038,1,6,2476864800.0
2038.0,7,RGI60-02.18778,2038,4,2038,1,7,3412700700.0
2038.0,8,RGI60-02.18778,2038,4,2038,1,8,3522019800.0
2038.0,9,RGI60-02.18778,2038,4,2038,1,9,2112420700.0
2038.0,10,RGI60-02.18778,2038,4,2038,1,10,193939740.0
2038.0,11,RGI60-02.18778,2038,4,2038,1,11,0.0
2038.0,12,RGI60-02.18778,2038,4,2038,1,12,0.0
2039.0,1,RGI60-02.18778,2039,4,2039,1,1,0.0
2039.0,2,RGI60-02.18778,2039,4,2039,1,2,0.0
2039.0,3,RGI60-02.18778,2039,4,2039,1,3,1.1644305e-07
2039.0,4,RGI60-02.18778,2039,4,2039,1,4,128985960.0
2039.0,5,RGI60-02.18778,2039,4,2039,1,5,447968900.0
2039.0,6,RGI60-02.18778,2039,4,2039,1,6,2152426500.0
2039.0,7,RGI60-02.18778,2039,4,2039,1,7,4251615200.0
2039.0,8,RGI60-02.18778,2039,4,2039,1,8,3430239700.0
2039.0,9,RGI60-02.18778,2039,4,2039,1,9,1997432800.0
2039.0,10,RGI60-02.18778,2039,4,2039,1,10,1025782850.0
2039.0,11,RGI60-02.18778,2039,4,2039,1,11,0.0
2039.0,12,RGI60-02.18778,2039,4,2039,1,12,2.328861e-07
2040.0,1,RGI60-02.18778,2040,4,2040,1,1,0.0
2040.0,2,RGI60-02.18778,2040,4,2040,1,2,0.0
2040.0,3,RGI60-02.18778,2040,4,2040,1,3,22909566.0
2040.0,4,RGI60-02.18778,2040,4,2040,1,4,49385744.0
2040.0,5,RGI60-02.18778,2040,4,2040,1,5,680690900.0
2040.0,6,RGI60-02.18778,2040,4,2040,1,6,2243420200.0
2040.0,7,RGI60-02.18778,2040,4,2040,1,7,3540513800.0
2040.0,8,RGI60-02.18778,2040,4,2040,1,8,3605998800.0
2040.0,9,RGI60-02.18778,2040,4,2040,1,9,2070018800.0
2040.0,10,RGI60-02.18778,2040,4,2040,1,10,466592900.0
2040.0,11,RGI60-02.18778,2040,4,2040,1,11,0.0
2040.0,12,RGI60-02.18778,2040,4,2040,1,12,0.0
2041.0,1,RGI60-02.18778,2041,4,2041,1,1,0.0
2041.0,2,RGI60-02.18778,2041,4,2041,1,2,0.0
2041.0,3,RGI60-02.18778,2041,4,2041,1,3,1.1404527e-07
2041.0,4,RGI60-02.18778,2041,4,2041,1,4,120760740.0
2041.0,5,RGI60-02.18778,2041,4,2041,1,5,987812500.0
2041.0,6,RGI60-02.18778,2041,4,2041,1,6,2049969700.0
2041.0,7,RGI60-02.18778,2041,4,2041,1,7,3425607400.0
2041.0,8,RGI60-02.18778,2041,4,2041,1,8,3394397400.0
2041.0,9,RGI60-02.18778,2041,4,2041,1,9,2107784800.0
2041.0,10,RGI60-02.18778,2041,4,2041,1,10,1631065200.0
2041.0,11,RGI60-02.18778,2041,4,2041,1,11,0.0
2041.0,12,RGI60-02.18778,2041,4,2041,1,12,0.0
2042.0,1,RGI60-02.18778,2042,4,2042,1,1,0.0
2042.0,2,RGI60-02.18778,2042,4,2042,1,2,0.0
2042.0,3,RGI60-02.18778,2042,4,2042,1,3,0.0
2042.0,4,RGI60-02.18778,2042,4,2042,1,4,35755684.0
2042.0,5,RGI60-02.18778,2042,4,2042,1,5,973749800.0
2042.0,6,RGI60-02.18778,2042,4,2042,1,6,2222139000.0
2042.0,7,RGI60-02.18778,2042,4,2042,1,7,3752552000.0
2042.0,8,RGI60-02.18778,2042,4,2042,1,8,3274054100.0
2042.0,9,RGI60-02.18778,2042,4,2042,1,9,2545186600.0
2042.0,10,RGI60-02.18778,2042,4,2042,1,10,175274160.0
2042.0,11,RGI60-02.18778,2042,4,2042,1,11,0.0
2042.0,12,RGI60-02.18778,2042,4,2042,1,12,0.0
2043.0,1,RGI60-02.18778,2043,4,2043,1,1,0.0
2043.0,2,RGI60-02.18778,2043,4,2043,1,2,0.0
2043.0,3,RGI60-02.18778,2043,4,2043,1,3,5533490.5
2043.0,4,RGI60-02.18778,2043,4,2043,1,4,100909060.0
2043.0,5,RGI60-02.18778,2043,4,2043,1,5,1592902100.0
2043.0,6,RGI60-02.18778,2043,4,2043,1,6,2047728500.0
2043.0,7,RGI60-02.18778,2043,4,2043,1,7,3765066000.0
2043.0,8,RGI60-02.18778,2043,4,2043,1,8,3508351000.0
2043.0,9,RGI60-02.18778,2043,4,2043,1,9,2458516500.0
2043.0,10,RGI60-02.18778,2043,4,2043,1,10,582577340.0
2043.0,11,RGI60-02.18778,2043,4,2043,1,11,0.0
2043.0,12,RGI60-02.18778,2043,4,2043,1,12,0.0
2044.0,1,RGI60-02.18778,2044,4,2044,1,1,0.0
2044.0,2,RGI60-02.18778,2044,4,2044,1,2,1.0640294e-07
2044.0,3,RGI60-02.18778,2044,4,2044,1,3,8497754.0
2044.0,4,RGI60-02.18778,2044,4,2044,1,4,187841490.0
2044.0,5,RGI60-02.18778,2044,4,2044,1,5,1046632200.0
2044.0,6,RGI60-02.18778,2044,4,2044,1,6,1884510300.0
2044.0,7,RGI60-02.18778,2044,4,2044,1,7,3713143300.0
2044.0,8,RGI60-02.18778,2044,4,2044,1,8,3470279200.0
2044.0,9,RGI60-02.18778,2044,4,2044,1,9,1831563800.0
2044.0,10,RGI60-02.18778,2044,4,2044,1,10,531788380.0
2044.0,11,RGI60-02.18778,2044,4,2044,1,11,0.0
2044.0,12,RGI60-02.18778,2044,4,2044,1,12,0.0
2045.0,1,RGI60-02.18778,2045,4,2045,1,1,1.9458778e-07
2045.0,2,RGI60-02.18778,2045,4,2045,1,2,13615784.0
2045.0,3,RGI60-02.18778,2045,4,2045,1,3,25920126.0
2045.0,4,RGI60-02.18778,2045,4,2045,1,4,130861990.0
2045.0,5,RGI60-02.18778,2045,4,2045,1,5,883719940.0
2045.0,6,RGI60-02.18778,2045,4,2045,1,6,1889125900.0
2045.0,7,RGI60-02.18778,2045,4,2045,1,7,3334744000.0
2045.0,8,RGI60-02.18778,2045,4,2045,1,8,2884505000.0
2045.0,9,RGI60-02.18778,2045,4,2045,1,9,2069626600.0
2045.0,10,RGI60-02.18778,2045,4,2045,1,10,560578800.0
2045.0,11,RGI60-02.18778,2045,4,2045,1,11,0.0
2045.0,12,RGI60-02.18778,2045,4,2045,1,12,0.0
2046.0,1,RGI60-02.18778,2046,4,2046,1,1,0.0
2046.0,2,RGI60-02.18778,2046,4,2046,1,2,8.315104e-08
2046.0,3,RGI60-02.18778,2046,4,2046,1,3,1723205.4
2046.0,4,RGI60-02.18778,2046,4,2046,1,4,60247196.0
2046.0,5,RGI60-02.18778,2046,4,2046,1,5,273049100.0
2046.0,6,RGI60-02.18778,2046,4,2046,1,6,1520096800.0
2046.0,7,RGI60-02.18778,2046,4,2046,1,7,2799917600.0
2046.0,8,RGI60-02.18778,2046,4,2046,1,8,2939001300.0
2046.0,9,RGI60-02.18778,2046,4,2046,1,9,1820065700.0
2046.0,10,RGI60-02.18778,2046,4,2046,1,10,223040660.0
2046.0,11,RGI60-02.18778,2046,4,2046,1,11,3678755.8
2046.0,12,RGI60-02.18778,2046,4,2046,1,12,8.315104e-08
2047.0,1,RGI60-02.18778,2047,4,2047,1,1,0.0
2047.0,2,RGI60-02.18778,2047,4,2047,1,2,2254720.8
2047.0,3,RGI60-02.18778,2047,4,2047,1,3,14737017.0
2047.0,4,RGI60-02.18778,2047,4,2047,1,4,197304370.0
2047.0,5,RGI60-02.18778,2047,4,2047,1,5,1084004600.0
2047.0,6,RGI60-02.18778,2047,4,2047,1,6,1675235800.0
2047.0,7,RGI60-02.18778,2047,4,2047,1,7,2472228900.0
2047.0,8,RGI60-02.18778,2047,4,2047,1,8,2282130000.0
2047.0,9,RGI60-02.18778,2047,4,2047,1,9,1607002900.0
2047.0,10,RGI60-02.18778,2047,4,2047,1,10,706487000.0
2047.0,11,RGI60-02.18778,2047,4,2047,1,11,10713720.0
2047.0,12,RGI60-02.18778,2047,4,2047,1,12,0.0
2048.0,1,RGI60-02.18778,2048,4,2048,1,1,0.0
2048.0,2,RGI60-02.18778,2048,4,2048,1,2,9367711.0
2048.0,3,RGI60-02.18778,2048,4,2048,1,3,12385322.0
2048.0,4,RGI60-02.18778,2048,4,2048,1,4,90051790.0
2048.0,5,RGI60-02.18778,2048,4,2048,1,5,767122370.0
2048.0,6,RGI60-02.18778,2048,4,2048,1,6,1192207400.0
2048.0,7,RGI60-02.18778,2048,4,2048,1,7,1762280200.0
2048.0,8,RGI60-02.18778,2048,4,2048,1,8,1761988400.0
2048.0,9,RGI60-02.18778,2048,4,2048,1,9,1176320500.0
2048.0,10,RGI60-02.18778,2048,4,2048,1,10,527584320.0
2048.0,11,RGI60-02.18778,2048,4,2048,1,11,14646995.0
2048.0,12,RGI60-02.18778,2048,4,2048,1,12,0.0
2049.0,1,RGI60-02.18778,2049,4,2049,1,1,0.0
2049.0,2,RGI60-02.18778,2049,4,2049,1,2,0.0
2049.0,3,RGI60-02.18778,2049,4,2049,1,3,2723929.5
2049.0,4,RGI60-02.18778,2049,4,2049,1,4,194581150.0
2049.0,5,RGI60-02.18778,2049,4,2049,1,5,233385940.0
2049.0,6,RGI60-02.18778,2049,4,2049,1,6,908909100.0
2049.0,7,RGI60-02.18778,2049,4,2049,1,7,1204588300.0
2049.0,8,RGI60-02.18778,2049,4,2049,1,8,1239571500.0
2049.0,9,RGI60-02.18778,2049,4,2049,1,9,941189760.0
2049.0,10,RGI60-02.18778,2049,4,2049,1,10,227316220.0
2049.0,11,RGI60-02.18778,2049,4,2049,1,11,7743524.5
2049.0,12,RGI60-02.18778,2049,4,2049,1,12,0.0
2050.0,1,RGI60-02.18778,2050,4,2050,1,1,0.0
2050.0,2,RGI60-02.18778,2050,4,2050,1,2,3.0691762e-08
2050.0,3,RGI60-02.18778,2050,4,2050,1,3,0.0
2050.0,4,RGI60-02.18778,2050,4,2050,1,4,6456647.5
2050.0,5,RGI60-02.18778,2050,4,2050,1,5,337313150.0
2050.0,6,RGI60-02.18778,2050,4,2050,1,6,610503740.0
2050.0,7,RGI60-02.18778,2050,4,2050,1,7,1025362240.0
2050.0,8,RGI60-02.18778,2050,4,2050,1,8,1014819650.0
2050.0,9,RGI60-02.18778,2050,4,2050,1,9,715756540.0
2050.0,10,RGI60-02.18778,2050,4,2050,1,10,272772900.0
2050.0,11,RGI60-02.18778,2050,4,2050,1,11,2960377.2
2050.0,12,RGI60-02.18778,2050,4,2050,1,12,0.0
2051.0,1,RGI60-02.18778,2051,4,2051,1,1,0.0
2051.0,2,RGI60-02.18778,2051,4,2051,1,2,0.0
2051.0,3,RGI60-02.18778,2051,4,2051,1,3,3133238.5
2051.0,4,RGI60-02.18778,2051,4,2051,1,4,6135026.0
2051.0,5,RGI60-02.18778,2051,4,2051,1,5,137113200.0
2051.0,6,RGI60-02.18778,2051,4,2051,1,6,296887970.0
2051.0,7,RGI60-02.18778,2051,4,2051,1,7,559978050.0
2051.0,8,RGI60-02.18778,2051,4,2051,1,8,627152960.0
2051.0,9,RGI60-02.18778,2051,4,2051,1,9,443638050.0
2051.0,10,RGI60-02.18778,2051,4,2051,1,10,77145230.0
2051.0,11,RGI60-02.18778,2051,4,2051,1,11,0.0
2051.0,12,RGI60-02.18778,2051,4,2051,1,12,0.0
2052.0,1,RGI60-02.18778,2052,4,2052,1,1,0.0
2052.0,2,RGI60-02.18778,2052,4,2052,1,2,5858485.5
2052.0,3,RGI60-02.18778,2052,4,2052,1,3,5390286.5
2052.0,4,RGI60-02.18778,2052,4,2052,1,4,16121438.0
2052.0,5,RGI60-02.18778,2052,4,2052,1,5,46424516.0
2052.0,6,RGI60-02.18778,2052,4,2052,1,6,156176700.0
2052.0,7,RGI60-02.18778,2052,4,2052,1,7,223589380.0
2052.0,8,RGI60-02.18778,2052,4,2052,1,8,226702990.0
2052.0,9,RGI60-02.18778,2052,4,2052,1,9,153706800.0
2052.0,10,RGI60-02.18778,2052,4,2052,1,10,21957456.0
2052.0,11,RGI60-02.18778,2052,4,2052,1,11,1995263.8
2052.0,12,RGI60-02.18778,2052,4,2052,1,12,0.0
2053.0,1,RGI60-02.18778,2053,4,2053,1,1,0.0
2053.0,2,RGI60-02.18778,2053,4,2053,1,2,0.0
2053.0,3,RGI60-02.18778,2053,4,2053,1,3,4158404.2
2053.0,4,RGI60-02.18778,2053,4,2053,1,4,7474642.5
2053.0,5,RGI60-02.18778,2053,4,2053,1,5,23625708.0
2053.0,6,RGI60-02.18778,2053,4,2053,1,6,39591620.0
2053.0,7,RGI60-02.18778,2053,4,2053,1,7,50366160.0
2053.0,8,RGI60-02.18778,2053,4,2053,1,8,57585376.0
2053.0,9,RGI60-02.18778,2053,4,2053,1,9,44077316.0
2053.0,10,RGI60-02.18778,2053,4,2053,1,10,23458906.0
2053.0,11,RGI60-02.18778,2053,4,2053,1,11,6324463.0
2053.0,12,RGI60-02.18778,2053,4,2053,1,12,0.0
2054.0,1,RGI60-02.18778,2054,4,2054,1,1,3.593436e-10
2054.0,2,RGI60-02.18778,2054,4,2054,1,2,3.593436e-10
2054.0,3,RGI60-02.18778,2054,4,2054,1,3,0.0
2054.0,4,RGI60-02.18778,2054,4,2054,1,4,8.98359e-11
2054.0,5,RGI60-02.18778,2054,4,2054,1,5,1474022.6
2054.0,6,RGI60-02.18778,2054,4,2054,1,6,5698833.0
2054.0,7,RGI60-02.18778,2054,4,2054,1,7,9978593.0
2054.0,8,RGI60-02.18778,2054,4,2054,1,8,12654117.0
2054.0,9,RGI60-02.18778,2054,4,2054,1,9,6659499.0
2054.0,10,RGI60-02.18778,2054,4,2054,1,10,680716.2
2054.0,11,RGI60-02.18778,2054,4,2054,1,11,0.0
2054.0,12,RGI60-02.18778,2054,4,2054,1,12,0.0
2055.0,1,RGI60-02.18778,2055,4,2055,1,1,6.80903e-10
2055.0,2,RGI60-02.18778,2055,4,2055,1,2,3.404515e-10
2055.0,3,RGI60-02.18778,2055,4,2055,1,3,0.0
2055.0,4,RGI60-02.18778,2055,4,2055,1,4,599541.2
2055.0,5,RGI60-02.18778,2055,4,2055,1,5,3007411.8
2055.0,6,RGI60-02.18778,2055,4,2055,1,6,6543985.5
2055.0,7,RGI60-02.18778,2055,4,2055,1,7,9807989.0
2055.0,8,RGI60-02.18778,2055,4,2055,1,8,10244070.0
2055.0,9,RGI60-02.18778,2055,4,2055,1,9,7095436.5
2055.0,10,RGI60-02.18778,2055,4,2055,1,10,3201964.5
2055.0,11,RGI60-02.18778,2055,4,2055,1,11,0.0
2055.0,12,RGI60-02.18778,2055,4,2055,1,12,0.0
2056.0,1,RGI60-02.18778,2056,4,2056,1,1,0.0
2056.0,2,RGI60-02.18778,2056,4,2056,1,2,0.0
2056.0,3,RGI60-02.18778,2056,4,2056,1,3,0.0
2056.0,4,RGI60-02.18778,2056,4,2056,1,4,0.0
2056.0,5,RGI60-02.18778,2056,4,2056,1,5,2992642.8
2056.0,6,RGI60-02.18778,2056,4,2056,1,6,3975285.0
2056.0,7,RGI60-02.18778,2056,4,2056,1,7,9661394.0
2056.0,8,RGI60-02.18778,2056,4,2056,1,8,8929201.0
2056.0,9,RGI60-02.18778,2056,4,2056,1,9,6129081.5
2056.0,10,RGI60-02.18778,2056,4,2056,1,10,1038118.2
2056.0,11,RGI60-02.18778,2056,4,2056,1,11,0.0
2056.0,12,RGI60-02.18778,2056,4,2056,1,12,0.0
2057.0,1,RGI60-02.18778,2057,4,2057,1,1,0.0
2057.0,2,RGI60-02.18778,2057,4,2057,1,2,0.0
2057.0,3,RGI60-02.18778,2057,4,2057,1,3,0.0
2057.0,4,RGI60-02.18778,2057,4,2057,1,4,0.0
2057.0,5,RGI60-02.18778,2057,4,2057,1,5,0.0
2057.0,6,RGI60-02.18778,2057,4,2057,1,6,0.0
2057.0,7,RGI60-02.18778,2057,4,2057,1,7,0.0
2057.0,8,RGI60-02.18778,2057,4,2057,1,8,0.0
2057.0,9,RGI60-02.18778,2057,4,2057,1,9,0.0
2057.0,10,RGI60-02.18778,2057,4,2057,1,10,0.0
2057.0,11,RGI60-02.18778,2057,4,2057,1,11,0.0
2057.0,12,RGI60-02.18778,2057,4,2057,1,12,0.0
2058.0,1,RGI60-02.18778,2058,4,2058,1,1,0.0
2058.0,2,RGI60-02.18778,2058,4,2058,1,2,0.0
2058.0,3,RGI60-02.18778,2058,4,2058,1,3,0.0
2058.0,4,RGI60-02.18778,2058,4,2058,1,4,0.0
2058.0,5,RGI60-02.18778,2058,4,2058,1,5,0.0
2058.0,6,RGI60-02.18778,2058,4,2058,1,6,0.0
2058.0,7,RGI60-02.18778,2058,4,2058,1,7,0.0
2058.0,8,RGI60-02.18778,2058,4,2058,1,8,0.0
2058.0,9,RGI60-02.18778,2058,4,2058,1,9,0.0
2058.0,10,RGI60-02.18778,2058,4,2058,1,10,0.0
2058.0,11,RGI60-02.18778,2058,4,2058,1,11,0.0
2058.0,12,RGI60-02.18778,2058,4,2058,1,12,0.0
2059.0,1,RGI60-02.18778,2059,4,2059,1,1,0.0
2059.0,2,RGI60-02.18778,2059,4,2059,1,2,0.0
2059.0,3,RGI60-02.18778,2059,4,2059,1,3,0.0
2059.0,4,RGI60-02.18778,2059,4,2059,1,4,0.0
2059.0,5,RGI60-02.18778,2059,4,2059,1,5,0.0
2059.0,6,RGI60-02.18778,2059,4,2059,1,6,0.0
2059.0,7,RGI60-02.18778,2059,4,2059,1,7,0.0
2059.0,8,RGI60-02.18778,2059,4,2059,1,8,0.0
2059.0,9,RGI60-02.18778,2059,4,2059,1,9,0.0
2059.0,10,RGI60-02.18778,2059,4,2059,1,10,0.0
2059.0,11,RGI60-02.18778,2059,4,2059,1,11,0.0
2059.0,12,RGI60-02.18778,2059,4,2059,1,12,0.0
2060.0,1,RGI60-02.18778,2060,4,2060,1,1,0.0
2060.0,2,RGI60-02.18778,2060,4,2060,1,2,0.0
2060.0,3,RGI60-02.18778,2060,4,2060,1,3,0.0
2060.0,4,RGI60-02.18778,2060,4,2060,1,4,0.0
2060.0,5,RGI60-02.18778,2060,4,2060,1,5,0.0
2060.0,6,RGI60-02.18778,2060,4,2060,1,6,0.0
2060.0,7,RGI60-02.18778,2060,4,2060,1,7,0.0
2060.0,8,RGI60-02.18778,2060,4,2060,1,8,0.0
2060.0,9,RGI60-02.18778,2060,4,2060,1,9,0.0
2060.0,10,RGI60-02.18778,2060,4,2060,1,10,0.0
2060.0,11,RGI60-02.18778,2060,4,2060,1,11,0.0
2060.0,12,RGI60-02.18778,2060,4,2060,1,12,0.0
2061.0,1,RGI60-02.18778,2061,4,2061,1,1,0.0
2061.0,2,RGI60-02.18778,2061,4,2061,1,2,0.0
2061.0,3,RGI60-02.18778,2061,4,2061,1,3,0.0
2061.0,4,RGI60-02.18778,2061,4,2061,1,4,0.0
2061.0,5,RGI60-02.18778,2061,4,2061,1,5,0.0
2061.0,6,RGI60-02.18778,2061,4,2061,1,6,0.0
2061.0,7,RGI60-02.18778,2061,4,2061,1,7,0.0
2061.0,8,RGI60-02.18778,2061,4,2061,1,8,0.0
2061.0,9,RGI60-02.18778,2061,4,2061,1,9,0.0
2061.0,10,RGI60-02.18778,2061,4,2061,1,10,0.0
2061.0,11,RGI60-02.18778,2061,4,2061,1,11,0.0
2061.0,12,RGI60-02.18778,2061,4,2061,1,12,0.0
2062.0,1,RGI60-02.18778,2062,4,2062,1,1,0.0
2062.0,2,RGI60-02.18778,2062,4,2062,1,2,0.0
2062.0,3,RGI60-02.18778,2062,4,2062,1,3,0.0
2062.0,4,RGI60-02.18778,2062,4,2062,1,4,0.0
2062.0,5,RGI60-02.18778,2062,4,2062,1,5,0.0
2062.0,6,RGI60-02.18778,2062,4,2062,1,6,0.0
2062.0,7,RGI60-02.18778,2062,4,2062,1,7,0.0
2062.0,8,RGI60-02.18778,2062,4,2062,1,8,0.0
2062.0,9,RGI60-02.18778,2062,4,2062,1,9,0.0
2062.0,10,RGI60-02.18778,2062,4,2062,1,10,0.0
2062.0,11,RGI60-02.18778,2062,4,2062,1,11,0.0
2062.0,12,RGI60-02.18778,2062,4,2062,1,12,0.0
2063.0,1,RGI60-02.18778,2063,4,2063,1,1,0.0
2063.0,2,RGI60-02.18778,2063,4,2063,1,2,0.0
2063.0,3,RGI60-02.18778,2063,4,2063,1,3,0.0
2063.0,4,RGI60-02.18778,2063,4,2063,1,4,0.0
2063.0,5,RGI60-02.18778,2063,4,2063,1,5,0.0
2063.0,6,RGI60-02.18778,2063,4,2063,1,6,0.0
2063.0,7,RGI60-02.18778,2063,4,2063,1,7,0.0
2063.0,8,RGI60-02.18778,2063,4,2063,1,8,0.0
2063.0,9,RGI60-02.18778,2063,4,2063,1,9,0.0
2063.0,10,RGI60-02.18778,2063,4,2063,1,10,0.0
2063.0,11,RGI60-02.18778,2063,4,2063,1,11,0.0
2063.0,12,RGI60-02.18778,2063,4,2063,1,12,0.0
2064.0,1,RGI60-02.18778,2064,4,2064,1,1,0.0
2064.0,2,RGI60-02.18778,2064,4,2064,1,2,0.0
2064.0,3,RGI60-02.18778,2064,4,2064,1,3,0.0
2064.0,4,RGI60-02.18778,2064,4,2064,1,4,0.0
2064.0,5,RGI60-02.18778,2064,4,2064,1,5,0.0
2064.0,6,RGI60-02.18778,2064,4,2064,1,6,0.0
2064.0,7,RGI60-02.18778,2064,4,2064,1,7,0.0
2064.0,8,RGI60-02.18778,2064,4,2064,1,8,0.0
2064.0,9,RGI60-02.18778,2064,4,2064,1,9,0.0
2064.0,10,RGI60-02.18778,2064,4,2064,1,10,0.0
2064.0,11,RGI60-02.18778,2064,4,2064,1,11,0.0
2064.0,12,RGI60-02.18778,2064,4,2064,1,12,0.0
2065.0,1,RGI60-02.18778,2065,4,2065,1,1,0.0
2065.0,2,RGI60-02.18778,2065,4,2065,1,2,0.0
2065.0,3,RGI60-02.18778,2065,4,2065,1,3,0.0
2065.0,4,RGI60-02.18778,2065,4,2065,1,4,0.0
2065.0,5,RGI60-02.18778,2065,4,2065,1,5,0.0
2065.0,6,RGI60-02.18778,2065,4,2065,1,6,0.0
2065.0,7,RGI60-02.18778,2065,4,2065,1,7,0.0
2065.0,8,RGI60-02.18778,2065,4,2065,1,8,0.0
2065.0,9,RGI60-02.18778,2065,4,2065,1,9,0.0
2065.0,10,RGI60-02.18778,2065,4,2065,1,10,0.0
2065.0,11,RGI60-02.18778,2065,4,2065,1,11,0.0
2065.0,12,RGI60-02.18778,2065,4,2065,1,12,0.0
2066.0,1,RGI60-02.18778,2066,4,2066,1,1,0.0
2066.0,2,RGI60-02.18778,2066,4,2066,1,2,0.0
2066.0,3,RGI60-02.18778,2066,4,2066,1,3,0.0
2066.0,4,RGI60-02.18778,2066,4,2066,1,4,0.0
2066.0,5,RGI60-02.18778,2066,4,2066,1,5,0.0
2066.0,6,RGI60-02.18778,2066,4,2066,1,6,0.0
2066.0,7,RGI60-02.18778,2066,4,2066,1,7,0.0
2066.0,8,RGI60-02.18778,2066,4,2066,1,8,0.0
2066.0,9,RGI60-02.18778,2066,4,2066,1,9,0.0
2066.0,10,RGI60-02.18778,2066,4,2066,1,10,0.0
2066.0,11,RGI60-02.18778,2066,4,2066,1,11,0.0
2066.0,12,RGI60-02.18778,2066,4,2066,1,12,0.0
2067.0,1,RGI60-02.18778,2067,4,2067,1,1,0.0
2067.0,2,RGI60-02.18778,2067,4,2067,1,2,0.0
2067.0,3,RGI60-02.18778,2067,4,2067,1,3,0.0
2067.0,4,RGI60-02.18778,2067,4,2067,1,4,0.0
2067.0,5,RGI60-02.18778,2067,4,2067,1,5,0.0
2067.0,6,RGI60-02.18778,2067,4,2067,1,6,0.0
2067.0,7,RGI60-02.18778,2067,4,2067,1,7,0.0
2067.0,8,RGI60-02.18778,2067,4,2067,1,8,0.0
2067.0,9,RGI60-02.18778,2067,4,2067,1,9,0.0
2067.0,10,RGI60-02.18778,2067,4,2067,1,10,0.0
2067.0,11,RGI60-02.18778,2067,4,2067,1,11,0.0
2067.0,12,RGI60-02.18778,2067,4,2067,1,12,0.0
2068.0,1,RGI60-02.18778,2068,4,2068,1,1,0.0
2068.0,2,RGI60-02.18778,2068,4,2068,1,2,0.0
2068.0,3,RGI60-02.18778,2068,4,2068,1,3,0.0
2068.0,4,RGI60-02.18778,2068,4,2068,1,4,0.0
2068.0,5,RGI60-02.18778,2068,4,2068,1,5,0.0
2068.0,6,RGI60-02.18778,2068,4,2068,1,6,0.0
2068.0,7,RGI60-02.18778,2068,4,2068,1,7,0.0
2068.0,8,RGI60-02.18778,2068,4,2068,1,8,0.0
2068.0,9,RGI60-02.18778,2068,4,2068,1,9,0.0
2068.0,10,RGI60-02.18778,2068,4,2068,1,10,0.0
2068.0,11,RGI60-02.18778,2068,4,2068,1,11,0.0
2068.0,12,RGI60-02.18778,2068,4,2068,1,12,0.0
2069.0,1,RGI60-02.18778,2069,4,2069,1,1,0.0
2069.0,2,RGI60-02.18778,2069,4,2069,1,2,0.0
2069.0,3,RGI60-02.18778,2069,4,2069,1,3,0.0
2069.0,4,RGI60-02.18778,2069,4,2069,1,4,0.0
2069.0,5,RGI60-02.18778,2069,4,2069,1,5,0.0
2069.0,6,RGI60-02.18778,2069,4,2069,1,6,0.0
2069.0,7,RGI60-02.18778,2069,4,2069,1,7,0.0
2069.0,8,RGI60-02.18778,2069,4,2069,1,8,0.0
2069.0,9,RGI60-02.18778,2069,4,2069,1,9,0.0
2069.0,10,RGI60-02.18778,2069,4,2069,1,10,0.0
2069.0,11,RGI60-02.18778,2069,4,2069,1,11,0.0
2069.0,12,RGI60-02.18778,2069,4,2069,1,12,0.0
2070.0,1,RGI60-02.18778,2070,4,2070,1,1,0.0
2070.0,2,RGI60-02.18778,2070,4,2070,1,2,0.0
2070.0,3,RGI60-02.18778,2070,4,2070,1,3,0.0
2070.0,4,RGI60-02.18778,2070,4,2070,1,4,0.0
2070.0,5,RGI60-02.18778,2070,4,2070,1,5,0.0
2070.0,6,RGI60-02.18778,2070,4,2070,1,6,0.0
2070.0,7,RGI60-02.18778,2070,4,2070,1,7,0.0
2070.0,8,RGI60-02.18778,2070,4,2070,1,8,0.0
2070.0,9,RGI60-02.18778,2070,4,2070,1,9,0.0
2070.0,10,RGI60-02.18778,2070,4,2070,1,10,0.0
2070.0,11,RGI60-02.18778,2070,4,2070,1,11,0.0
2070.0,12,RGI60-02.18778,2070,4,2070,1,12,0.0
2071.0,1,RGI60-02.18778,2071,4,2071,1,1,0.0
2071.0,2,RGI60-02.18778,2071,4,2071,1,2,0.0
2071.0,3,RGI60-02.18778,2071,4,2071,1,3,0.0
2071.0,4,RGI60-02.18778,2071,4,2071,1,4,0.0
2071.0,5,RGI60-02.18778,2071,4,2071,1,5,0.0
2071.0,6,RGI60-02.18778,2071,4,2071,1,6,0.0
2071.0,7,RGI60-02.18778,2071,4,2071,1,7,0.0
2071.0,8,RGI60-02.18778,2071,4,2071,1,8,0.0
2071.0,9,RGI60-02.18778,2071,4,2071,1,9,0.0
2071.0,10,RGI60-02.18778,2071,4,2071,1,10,0.0
2071.0,11,RGI60-02.18778,2071,4,2071,1,11,0.0
2071.0,12,RGI60-02.18778,2071,4,2071,1,12,0.0
2072.0,1,RGI60-02.18778,2072,4,2072,1,1,0.0
2072.0,2,RGI60-02.18778,2072,4,2072,1,2,0.0
2072.0,3,RGI60-02.18778,2072,4,2072,1,3,0.0
2072.0,4,RGI60-02.18778,2072,4,2072,1,4,0.0
2072.0,5,RGI60-02.18778,2072,4,2072,1,5,0.0
2072.0,6,RGI60-02.18778,2072,4,2072,1,6,0.0
2072.0,7,RGI60-02.18778,2072,4,2072,1,7,0.0
2072.0,8,RGI60-02.18778,2072,4,2072,1,8,0.0
2072.0,9,RGI60-02.18778,2072,4,2072,1,9,0.0
2072.0,10,RGI60-02.18778,2072,4,2072,1,10,0.0
2072.0,11,RGI60-02.18778,2072,4,2072,1,11,0.0
2072.0,12,RGI60-02.18778,2072,4,2072,1,12,0.0
2073.0,1,RGI60-02.18778,2073,4,2073,1,1,0.0
2073.0,2,RGI60-02.18778,2073,4,2073,1,2,0.0
2073.0,3,RGI60-02.18778,2073,4,2073,1,3,0.0
2073.0,4,RGI60-02.18778,2073,4,2073,1,4,0.0
2073.0,5,RGI60-02.18778,2073,4,2073,1,5,0.0
2073.0,6,RGI60-02.18778,2073,4,2073,1,6,0.0
2073.0,7,RGI60-02.18778,2073,4,2073,1,7,0.0
2073.0,8,RGI60-02.18778,2073,4,2073,1,8,0.0
2073.0,9,RGI60-02.18778,2073,4,2073,1,9,0.0
2073.0,10,RGI60-02.18778,2073,4,2073,1,10,0.0
2073.0,11,RGI60-02.18778,2073,4,2073,1,11,0.0
2073.0,12,RGI60-02.18778,2073,4,2073,1,12,0.0
2074.0,1,RGI60-02.18778,2074,4,2074,1,1,0.0
2074.0,2,RGI60-02.18778,2074,4,2074,1,2,0.0
2074.0,3,RGI60-02.18778,2074,4,2074,1,3,0.0
2074.0,4,RGI60-02.18778,2074,4,2074,1,4,0.0
2074.0,5,RGI60-02.18778,2074,4,2074,1,5,0.0
2074.0,6,RGI60-02.18778,2074,4,2074,1,6,0.0
2074.0,7,RGI60-02.18778,2074,4,2074,1,7,0.0
2074.0,8,RGI60-02.18778,2074,4,2074,1,8,0.0
2074.0,9,RGI60-02.18778,2074,4,2074,1,9,0.0
2074.0,10,RGI60-02.18778,2074,4,2074,1,10,0.0
2074.0,11,RGI60-02.18778,2074,4,2074,1,11,0.0
2074.0,12,RGI60-02.18778,2074,4,2074,1,12,0.0
2075.0,1,RGI60-02.18778,2075,4,2075,1,1,0.0
2075.0,2,RGI60-02.18778,2075,4,2075,1,2,0.0
2075.0,3,RGI60-02.18778,2075,4,2075,1,3,0.0
2075.0,4,RGI60-02.18778,2075,4,2075,1,4,0.0
2075.0,5,RGI60-02.18778,2075,4,2075,1,5,0.0
2075.0,6,RGI60-02.18778,2075,4,2075,1,6,0.0
2075.0,7,RGI60-02.18778,2075,4,2075,1,7,0.0
2075.0,8,RGI60-02.18778,2075,4,2075,1,8,0.0
2075.0,9,RGI60-02.18778,2075,4,2075,1,9,0.0
2075.0,10,RGI60-02.18778,2075,4,2075,1,10,0.0
2075.0,11,RGI60-02.18778,2075,4,2075,1,11,0.0
2075.0,12,RGI60-02.18778,2075,4,2075,1,12,0.0
2076.0,1,RGI60-02.18778,2076,4,2076,1,1,0.0
2076.0,2,RGI60-02.18778,2076,4,2076,1,2,0.0
2076.0,3,RGI60-02.18778,2076,4,2076,1,3,0.0
2076.0,4,RGI60-02.18778,2076,4,2076,1,4,0.0
2076.0,5,RGI60-02.18778,2076,4,2076,1,5,0.0
2076.0,6,RGI60-02.18778,2076,4,2076,1,6,0.0
2076.0,7,RGI60-02.18778,2076,4,2076,1,7,0.0
2076.0,8,RGI60-02.18778,2076,4,2076,1,8,0.0
2076.0,9,RGI60-02.18778,2076,4,2076,1,9,0.0
2076.0,10,RGI60-02.18778,2076,4,2076,1,10,0.0
2076.0,11,RGI60-02.18778,2076,4,2076,1,11,0.0
2076.0,12,RGI60-02.18778,2076,4,2076,1,12,0.0
2077.0,1,RGI60-02.18778,2077,4,2077,1,1,0.0
2077.0,2,RGI60-02.18778,2077,4,2077,1,2,0.0
2077.0,3,RGI60-02.18778,2077,4,2077,1,3,0.0
2077.0,4,RGI60-02.18778,2077,4,2077,1,4,0.0
2077.0,5,RGI60-02.18778,2077,4,2077,1,5,0.0
2077.0,6,RGI60-02.18778,2077,4,2077,1,6,0.0
2077.0,7,RGI60-02.18778,2077,4,2077,1,7,0.0
2077.0,8,RGI60-02.18778,2077,4,2077,1,8,0.0
2077.0,9,RGI60-02.18778,2077,4,2077,1,9,0.0
2077.0,10,RGI60-02.18778,2077,4,2077,1,10,0.0
2077.0,11,RGI60-02.18778,2077,4,2077,1,11,0.0
2077.0,12,RGI60-02.18778,2077,4,2077,1,12,0.0
2078.0,1,RGI60-02.18778,2078,4,2078,1,1,0.0
2078.0,2,RGI60-02.18778,2078,4,2078,1,2,0.0
2078.0,3,RGI60-02.18778,2078,4,2078,1,3,0.0
2078.0,4,RGI60-02.18778,2078,4,2078,1,4,0.0
2078.0,5,RGI60-02.18778,2078,4,2078,1,5,0.0
2078.0,6,RGI60-02.18778,2078,4,2078,1,6,0.0
2078.0,7,RGI60-02.18778,2078,4,2078,1,7,0.0
2078.0,8,RGI60-02.18778,2078,4,2078,1,8,0.0
2078.0,9,RGI60-02.18778,2078,4,2078,1,9,0.0
2078.0,10,RGI60-02.18778,2078,4,2078,1,10,0.0
2078.0,11,RGI60-02.18778,2078,4,2078,1,11,0.0
2078.0,12,RGI60-02.18778,2078,4,2078,1,12,0.0
2079.0,1,RGI60-02.18778,2079,4,2079,1,1,0.0
2079.0,2,RGI60-02.18778,2079,4,2079,1,2,0.0
2079.0,3,RGI60-02.18778,2079,4,2079,1,3,0.0
2079.0,4,RGI60-02.18778,2079,4,2079,1,4,0.0
2079.0,5,RGI60-02.18778,2079,4,2079,1,5,0.0
2079.0,6,RGI60-02.18778,2079,4,2079,1,6,0.0
2079.0,7,RGI60-02.18778,2079,4,2079,1,7,0.0
2079.0,8,RGI60-02.18778,2079,4,2079,1,8,0.0
2079.0,9,RGI60-02.18778,2079,4,2079,1,9,0.0
2079.0,10,RGI60-02.18778,2079,4,2079,1,10,0.0
2079.0,11,RGI60-02.18778,2079,4,2079,1,11,0.0
2079.0,12,RGI60-02.18778,2079,4,2079,1,12,0.0
2080.0,1,RGI60-02.18778,2080,4,2080,1,1,0.0
2080.0,2,RGI60-02.18778,2080,4,2080,1,2,0.0
2080.0,3,RGI60-02.18778,2080,4,2080,1,3,0.0
2080.0,4,RGI60-02.18778,2080,4,2080,1,4,0.0
2080.0,5,RGI60-02.18778,2080,4,2080,1,5,0.0
2080.0,6,RGI60-02.18778,2080,4,2080,1,6,0.0
2080.0,7,RGI60-02.18778,2080,4,2080,1,7,0.0
2080.0,8,RGI60-02.18778,2080,4,2080,1,8,0.0
2080.0,9,RGI60-02.18778,2080,4,2080,1,9,0.0
2080.0,10,RGI60-02.18778,2080,4,2080,1,10,0.0
2080.0,11,RGI60-02.18778,2080,4,2080,1,11,0.0
2080.0,12,RGI60-02.18778,2080,4,2080,1,12,0.0
2081.0,1,RGI60-02.18778,2081,4,2081,1,1,0.0
2081.0,2,RGI60-02.18778,2081,4,2081,1,2,0.0
2081.0,3,RGI60-02.18778,2081,4,2081,1,3,0.0
2081.0,4,RGI60-02.18778,2081,4,2081,1,4,0.0
2081.0,5,RGI60-02.18778,2081,4,2081,1,5,0.0
2081.0,6,RGI60-02.18778,2081,4,2081,1,6,0.0
2081.0,7,RGI60-02.18778,2081,4,2081,1,7,0.0
2081.0,8,RGI60-02.18778,2081,4,2081,1,8,0.0
2081.0,9,RGI60-02.18778,2081,4,2081,1,9,0.0
2081.0,10,RGI60-02.18778,2081,4,2081,1,10,0.0
2081.0,11,RGI60-02.18778,2081,4,2081,1,11,0.0
2081.0,12,RGI60-02.18778,2081,4,2081,1,12,0.0
2082.0,1,RGI60-02.18778,2082,4,2082,1,1,0.0
2082.0,2,RGI60-02.18778,2082,4,2082,1,2,0.0
2082.0,3,RGI60-02.18778,2082,4,2082,1,3,0.0
2082.0,4,RGI60-02.18778,2082,4,2082,1,4,0.0
2082.0,5,RGI60-02.18778,2082,4,2082,1,5,0.0
2082.0,6,RGI60-02.18778,2082,4,2082,1,6,0.0
2082.0,7,RGI60-02.18778,2082,4,2082,1,7,0.0
2082.0,8,RGI60-02.18778,2082,4,2082,1,8,0.0
2082.0,9,RGI60-02.18778,2082,4,2082,1,9,0.0
2082.0,10,RGI60-02.18778,2082,4,2082,1,10,0.0
2082.0,11,RGI60-02.18778,2082,4,2082,1,11,0.0
2082.0,12,RGI60-02.18778,2082,4,2082,1,12,0.0
2083.0,1,RGI60-02.18778,2083,4,2083,1,1,0.0
2083.0,2,RGI60-02.18778,2083,4,2083,1,2,0.0
2083.0,3,RGI60-02.18778,2083,4,2083,1,3,0.0
2083.0,4,RGI60-02.18778,2083,4,2083,1,4,0.0
2083.0,5,RGI60-02.18778,2083,4,2083,1,5,0.0
2083.0,6,RGI60-02.18778,2083,4,2083,1,6,0.0
2083.0,7,RGI60-02.18778,2083,4,2083,1,7,0.0
2083.0,8,RGI60-02.18778,2083,4,2083,1,8,0.0
2083.0,9,RGI60-02.18778,2083,4,2083,1,9,0.0
2083.0,10,RGI60-02.18778,2083,4,2083,1,10,0.0
2083.0,11,RGI60-02.18778,2083,4,2083,1,11,0.0
2083.0,12,RGI60-02.18778,2083,4,2083,1,12,0.0
2084.0,1,RGI60-02.18778,2084,4,2084,1,1,0.0
2084.0,2,RGI60-02.18778,2084,4,2084,1,2,0.0
2084.0,3,RGI60-02.18778,2084,4,2084,1,3,0.0
2084.0,4,RGI60-02.18778,2084,4,2084,1,4,0.0
2084.0,5,RGI60-02.18778,2084,4,2084,1,5,0.0
2084.0,6,RGI60-02.18778,2084,4,2084,1,6,0.0
2084.0,7,RGI60-02.18778,2084,4,2084,1,7,0.0
2084.0,8,RGI60-02.18778,2084,4,2084,1,8,0.0
2084.0,9,RGI60-02.18778,2084,4,2084,1,9,0.0
2084.0,10,RGI60-02.18778,2084,4,2084,1,10,0.0
2084.0,11,RGI60-02.18778,2084,4,2084,1,11,0.0
2084.0,12,RGI60-02.18778,2084,4,2084,1,12,0.0
2085.0,1,RGI60-02.18778,2085,4,2085,1,1,0.0
2085.0,2,RGI60-02.18778,2085,4,2085,1,2,0.0
2085.0,3,RGI60-02.18778,2085,4,2085,1,3,0.0
2085.0,4,RGI60-02.18778,2085,4,2085,1,4,0.0
2085.0,5,RGI60-02.18778,2085,4,2085,1,5,0.0
2085.0,6,RGI60-02.18778,2085,4,2085,1,6,0.0
2085.0,7,RGI60-02.18778,2085,4,2085,1,7,0.0
2085.0,8,RGI60-02.18778,2085,4,2085,1,8,0.0
2085.0,9,RGI60-02.18778,2085,4,2085,1,9,0.0
2085.0,10,RGI60-02.18778,2085,4,2085,1,10,0.0
2085.0,11,RGI60-02.18778,2085,4,2085,1,11,0.0
2085.0,12,RGI60-02.18778,2085,4,2085,1,12,0.0
2086.0,1,RGI60-02.18778,2086,4,2086,1,1,0.0
2086.0,2,RGI60-02.18778,2086,4,2086,1,2,0.0
2086.0,3,RGI60-02.18778,2086,4,2086,1,3,0.0
2086.0,4,RGI60-02.18778,2086,4,2086,1,4,0.0
2086.0,5,RGI60-02.18778,2086,4,2086,1,5,0.0
2086.0,6,RGI60-02.18778,2086,4,2086,1,6,0.0
2086.0,7,RGI60-02.18778,2086,4,2086,1,7,0.0
2086.0,8,RGI60-02.18778,2086,4,2086,1,8,0.0
2086.0,9,RGI60-02.18778,2086,4,2086,1,9,0.0
2086.0,10,RGI60-02.18778,2086,4,2086,1,10,0.0
2086.0,11,RGI60-02.18778,2086,4,2086,1,11,0.0
2086.0,12,RGI60-02.18778,2086,4,2086,1,12,0.0
2087.0,1,RGI60-02.18778,2087,4,2087,1,1,0.0
2087.0,2,RGI60-02.18778,2087,4,2087,1,2,0.0
2087.0,3,RGI60-02.18778,2087,4,2087,1,3,0.0
2087.0,4,RGI60-02.18778,2087,4,2087,1,4,0.0
2087.0,5,RGI60-02.18778,2087,4,2087,1,5,0.0
2087.0,6,RGI60-02.18778,2087,4,2087,1,6,0.0
2087.0,7,RGI60-02.18778,2087,4,2087,1,7,0.0
2087.0,8,RGI60-02.18778,2087,4,2087,1,8,0.0
2087.0,9,RGI60-02.18778,2087,4,2087,1,9,0.0
2087.0,10,RGI60-02.18778,2087,4,2087,1,10,0.0
2087.0,11,RGI60-02.18778,2087,4,2087,1,11,0.0
2087.0,12,RGI60-02.18778,2087,4,2087,1,12,0.0
2088.0,1,RGI60-02.18778,2088,4,2088,1,1,0.0
2088.0,2,RGI60-02.18778,2088,4,2088,1,2,0.0
2088.0,3,RGI60-02.18778,2088,4,2088,1,3,0.0
2088.0,4,RGI60-02.18778,2088,4,2088,1,4,0.0
2088.0,5,RGI60-02.18778,2088,4,2088,1,5,0.0
2088.0,6,RGI60-02.18778,2088,4,2088,1,6,0.0
2088.0,7,RGI60-02.18778,2088,4,2088,1,7,0.0
2088.0,8,RGI60-02.18778,2088,4,2088,1,8,0.0
2088.0,9,RGI60-02.18778,2088,4,2088,1,9,0.0
2088.0,10,RGI60-02.18778,2088,4,2088,1,10,0.0
2088.0,11,RGI60-02.18778,2088,4,2088,1,11,0.0
2088.0,12,RGI60-02.18778,2088,4,2088,1,12,0.0
2089.0,1,RGI60-02.18778,2089,4,2089,1,1,0.0
2089.0,2,RGI60-02.18778,2089,4,2089,1,2,0.0
2089.0,3,RGI60-02.18778,2089,4,2089,1,3,0.0
2089.0,4,RGI60-02.18778,2089,4,2089,1,4,0.0
2089.0,5,RGI60-02.18778,2089,4,2089,1,5,0.0
2089.0,6,RGI60-02.18778,2089,4,2089,1,6,0.0
2089.0,7,RGI60-02.18778,2089,4,2089,1,7,0.0
2089.0,8,RGI60-02.18778,2089,4,2089,1,8,0.0
2089.0,9,RGI60-02.18778,2089,4,2089,1,9,0.0
2089.0,10,RGI60-02.18778,2089,4,2089,1,10,0.0
2089.0,11,RGI60-02.18778,2089,4,2089,1,11,0.0
2089.0,12,RGI60-02.18778,2089,4,2089,1,12,0.0
2090.0,1,RGI60-02.18778,2090,4,2090,1,1,0.0
2090.0,2,RGI60-02.18778,2090,4,2090,1,2,0.0
2090.0,3,RGI60-02.18778,2090,4,2090,1,3,0.0
2090.0,4,RGI60-02.18778,2090,4,2090,1,4,0.0
2090.0,5,RGI60-02.18778,2090,4,2090,1,5,0.0
2090.0,6,RGI60-02.18778,2090,4,2090,1,6,0.0
2090.0,7,RGI60-02.18778,2090,4,2090,1,7,0.0
2090.0,8,RGI60-02.18778,2090,4,2090,1,8,0.0
2090.0,9,RGI60-02.18778,2090,4,2090,1,9,0.0
2090.0,10,RGI60-02.18778,2090,4,2090,1,10,0.0
2090.0,11,RGI60-02.18778,2090,4,2090,1,11,0.0
2090.0,12,RGI60-02.18778,2090,4,2090,1,12,0.0
2091.0,1,RGI60-02.18778,2091,4,2091,1,1,0.0
2091.0,2,RGI60-02.18778,2091,4,2091,1,2,0.0
2091.0,3,RGI60-02.18778,2091,4,2091,1,3,0.0
2091.0,4,RGI60-02.18778,2091,4,2091,1,4,0.0
2091.0,5,RGI60-02.18778,2091,4,2091,1,5,0.0
2091.0,6,RGI60-02.18778,2091,4,2091,1,6,0.0
2091.0,7,RGI60-02.18778,2091,4,2091,1,7,0.0
2091.0,8,RGI60-02.18778,2091,4,2091,1,8,0.0
2091.0,9,RGI60-02.18778,2091,4,2091,1,9,0.0
2091.0,10,RGI60-02.18778,2091,4,2091,1,10,0.0
2091.0,11,RGI60-02.18778,2091,4,2091,1,11,0.0
2091.0,12,RGI60-02.18778,2091,4,2091,1,12,0.0
2092.0,1,RGI60-02.18778,2092,4,2092,1,1,0.0
2092.0,2,RGI60-02.18778,2092,4,2092,1,2,0.0
2092.0,3,RGI60-02.18778,2092,4,2092,1,3,0.0
2092.0,4,RGI60-02.18778,2092,4,2092,1,4,0.0
2092.0,5,RGI60-02.18778,2092,4,2092,1,5,0.0
2092.0,6,RGI60-02.18778,2092,4,2092,1,6,0.0
2092.0,7,RGI60-02.18778,2092,4,2092,1,7,0.0
2092.0,8,RGI60-02.18778,2092,4,2092,1,8,0.0
2092.0,9,RGI60-02.18778,2092,4,2092,1,9,0.0
2092.0,10,RGI60-02.18778,2092,4,2092,1,10,0.0
2092.0,11,RGI60-02.18778,2092,4,2092,1,11,0.0
2092.0,12,RGI60-02.18778,2092,4,2092,1,12,0.0
2093.0,1,RGI60-02.18778,2093,4,2093,1,1,0.0
2093.0,2,RGI60-02.18778,2093,4,2093,1,2,0.0
2093.0,3,RGI60-02.18778,2093,4,2093,1,3,0.0
2093.0,4,RGI60-02.18778,2093,4,2093,1,4,0.0
2093.0,5,RGI60-02.18778,2093,4,2093,1,5,0.0
2093.0,6,RGI60-02.18778,2093,4,2093,1,6,0.0
2093.0,7,RGI60-02.18778,2093,4,2093,1,7,0.0
2093.0,8,RGI60-02.18778,2093,4,2093,1,8,0.0
2093.0,9,RGI60-02.18778,2093,4,2093,1,9,0.0
2093.0,10,RGI60-02.18778,2093,4,2093,1,10,0.0
2093.0,11,RGI60-02.18778,2093,4,2093,1,11,0.0
2093.0,12,RGI60-02.18778,2093,4,2093,1,12,0.0
2094.0,1,RGI60-02.18778,2094,4,2094,1,1,0.0
2094.0,2,RGI60-02.18778,2094,4,2094,1,2,0.0
2094.0,3,RGI60-02.18778,2094,4,2094,1,3,0.0
2094.0,4,RGI60-02.18778,2094,4,2094,1,4,0.0
2094.0,5,RGI60-02.18778,2094,4,2094,1,5,0.0
2094.0,6,RGI60-02.18778,2094,4,2094,1,6,0.0
2094.0,7,RGI60-02.18778,2094,4,2094,1,7,0.0
2094.0,8,RGI60-02.18778,2094,4,2094,1,8,0.0
2094.0,9,RGI60-02.18778,2094,4,2094,1,9,0.0
2094.0,10,RGI60-02.18778,2094,4,2094,1,10,0.0
2094.0,11,RGI60-02.18778,2094,4,2094,1,11,0.0
2094.0,12,RGI60-02.18778,2094,4,2094,1,12,0.0
2095.0,1,RGI60-02.18778,2095,4,2095,1,1,0.0
2095.0,2,RGI60-02.18778,2095,4,2095,1,2,0.0
2095.0,3,RGI60-02.18778,2095,4,2095,1,3,0.0
2095.0,4,RGI60-02.18778,2095,4,2095,1,4,0.0
2095.0,5,RGI60-02.18778,2095,4,2095,1,5,0.0
2095.0,6,RGI60-02.18778,2095,4,2095,1,6,0.0
2095.0,7,RGI60-02.18778,2095,4,2095,1,7,0.0
2095.0,8,RGI60-02.18778,2095,4,2095,1,8,0.0
2095.0,9,RGI60-02.18778,2095,4,2095,1,9,0.0
2095.0,10,RGI60-02.18778,2095,4,2095,1,10,0.0
2095.0,11,RGI60-02.18778,2095,4,2095,1,11,0.0
2095.0,12,RGI60-02.18778,2095,4,2095,1,12,0.0
2096.0,1,RGI60-02.18778,2096,4,2096,1,1,0.0
2096.0,2,RGI60-02.18778,2096,4,2096,1,2,0.0
2096.0,3,RGI60-02.18778,2096,4,2096,1,3,0.0
2096.0,4,RGI60-02.18778,2096,4,2096,1,4,0.0
2096.0,5,RGI60-02.18778,2096,4,2096,1,5,0.0
2096.0,6,RGI60-02.18778,2096,4,2096,1,6,0.0
2096.0,7,RGI60-02.18778,2096,4,2096,1,7,0.0
2096.0,8,RGI60-02.18778,2096,4,2096,1,8,0.0
2096.0,9,RGI60-02.18778,2096,4,2096,1,9,0.0
2096.0,10,RGI60-02.18778,2096,4,2096,1,10,0.0
2096.0,11,RGI60-02.18778,2096,4,2096,1,11,0.0
2096.0,12,RGI60-02.18778,2096,4,2096,1,12,0.0
2097.0,1,RGI60-02.18778,2097,4,2097,1,1,0.0
2097.0,2,RGI60-02.18778,2097,4,2097,1,2,0.0
2097.0,3,RGI60-02.18778,2097,4,2097,1,3,0.0
2097.0,4,RGI60-02.18778,2097,4,2097,1,4,0.0
2097.0,5,RGI60-02.18778,2097,4,2097,1,5,0.0
2097.0,6,RGI60-02.18778,2097,4,2097,1,6,0.0
2097.0,7,RGI60-02.18778,2097,4,2097,1,7,0.0
2097.0,8,RGI60-02.18778,2097,4,2097,1,8,0.0
2097.0,9,RGI60-02.18778,2097,4,2097,1,9,0.0
2097.0,10,RGI60-02.18778,2097,4,2097,1,10,0.0
2097.0,11,RGI60-02.18778,2097,4,2097,1,11,0.0
2097.0,12,RGI60-02.18778,2097,4,2097,1,12,0.0
2098.0,1,RGI60-02.18778,2098,4,2098,1,1,0.0
2098.0,2,RGI60-02.18778,2098,4,2098,1,2,0.0
2098.0,3,RGI60-02.18778,2098,4,2098,1,3,0.0
2098.0,4,RGI60-02.18778,2098,4,2098,1,4,0.0
2098.0,5,RGI60-02.18778,2098,4,2098,1,5,0.0
2098.0,6,RGI60-02.18778,2098,4,2098,1,6,0.0
2098.0,7,RGI60-02.18778,2098,4,2098,1,7,0.0
2098.0,8,RGI60-02.18778,2098,4,2098,1,8,0.0
2098.0,9,RGI60-02.18778,2098,4,2098,1,9,0.0
2098.0,10,RGI60-02.18778,2098,4,2098,1,10,0.0
2098.0,11,RGI60-02.18778,2098,4,2098,1,11,0.0
2098.0,12,RGI60-02.18778,2098,4,2098,1,12,0.0
2099.0,1,RGI60-02.18778,2099,4,2099,1,1,0.0
2099.0,2,RGI60-02.18778,2099,4,2099,1,2,0.0
2099.0,3,RGI60-02.18778,2099,4,2099,1,3,0.0
2099.0,4,RGI60-02.18778,2099,4,2099,1,4,0.0
2099.0,5,RGI60-02.18778,2099,4,2099,1,5,0.0
2099.0,6,RGI60-02.18778,2099,4,2099,1,6,0.0
2099.0,7,RGI60-02.18778,2099,4,2099,1,7,0.0
2099.0,8,RGI60-02.18778,2099,4,2099,1,8,0.0
2099.0,9,RGI60-02.18778,2099,4,2099,1,9,0.0
2099.0,10,RGI60-02.18778,2099,4,2099,1,10,0.0
2099.0,11,RGI60-02.18778,2099,4,2099,1,11,0.0
2099.0,12,RGI60-02.18778,2099,4,2099,1,12,0.0
2100.0,1,RGI60-02.18778,2100,4,2100,1,1,
2100.0,2,RGI60-02.18778,2100,4,2100,1,2,
2100.0,3,RGI60-02.18778,2100,4,2100,1,3,
2100.0,4,RGI60-02.18778,2100,4,2100,1,4,
2100.0,5,RGI60-02.18778,2100,4,2100,1,5,
2100.0,6,RGI60-02.18778,2100,4,2100,1,6,
2100.0,7,RGI60-02.18778,2100,4,2100,1,7,
2100.0,8,RGI60-02.18778,2100,4,2100,1,8,
2100.0,9,RGI60-02.18778,2100,4,2100,1,9,
2100.0,10,RGI60-02.18778,2100,4,2100,1,10,
2100.0,11,RGI60-02.18778,2100,4,2100,1,11,
2100.0,12,RGI60-02.18778,2100,4,2100,1,12,
